First Name,Last Name,Country,CountryCode,Sport,SportCode,Date of Birth,Gender
Anabella,Stook,Philippines,PH,Judo,JUD,30.08.64,Male
Aubry,Schach,Portugal,PT,Judo,JUD,25.06.66,Female
Felicdad,Cicchillo,Kazakhstan,KZ,Judo,JUD,23.06.75,Female
Gleda,Jimenez,Nigeria,NG,Judo,JUD,21.03.84,Female
Sandor,Andreasson,Honduras,HN,Judo,JUD,25.06.89,Female
Gusta,Kobus,Indonesia,ID,Judo,JUD,22.02.00,Male
Brianna,Olenin,Russia,RU,Judo,JUD,14.11.62,Female
Bob,Stefanovic,Indonesia,ID,Judo,JUD,07.03.79,Female
Beaufort,Snawdon,Greece,GR,Judo,JUD,13.12.99,Male
Pren,Sollas,Madagascar,MG,Judo,JUD,24.09.90,Male
Sinclare,Yeomans,Poland,PL,Judo,JUD,15.03.84,Male
Lorrin,Drakes,Bolivia,BO,Judo,JUD,08.12.67,Male
Granville,Lazonby,Russia,RU,Judo,JUD,01.03.92,Female
Tory,Warn,Myanmar,MM,Judo,JUD,02.09.66,Male
Freeland,Cusack,Russia,RU,Judo,JUD,23.12.94,Female
May,Skarman,United States,US,Athletics,ATH,12.01.94,Female
Brooks,Davidovics,Denmark,DK,Athletics,ATH,18.01.66,Female
Grethel,Tilney,Mexico,MX,Athletics,ATH,08.06.86,Female
Gerda,Matejic,Nigeria,NG,Athletics,ATH,09.11.85,Male
Morley,Carrane,China,CN,Athletics,ATH,27.04.72,Male
Roarke,Dietzler,Colombia,CO,Athletics,ATH,06.11.63,Female
Margaux,Henner,China,CN,Athletics,ATH,24.03.69,Female
Ximenes,Winspar,Poland,PL,Athletics,ATH,09.08.61,Female
Wilmer,Broadwood,Poland,PL,Athletics,ATH,16.12.60,Female
Lilith,Halloway,Ukraine,UA,Athletics,ATH,13.02.86,Female
Elliot,Matches,Russia,RU,Athletics,ATH,14.10.81,Male
Bradney,Klauber,China,CN,Athletics,ATH,16.04.62,Male
Myrilla,Pinor,Czech Republic,CZ,Athletics,ATH,10.06.72,Female
Sonnie,MacLaren,China,CN,Athletics,ATH,13.11.66,Female
Kandy,Benthall,Ukraine,UA,Athletics,ATH,17.11.90,Male
Carol-jean,Balk,Russia,RU,Athletics,ATH,06.06.89,Female
Davie,Waby,Philippines,PH,Athletics,ATH,02.10.87,Male
Bartolemo,Cunah,Philippines,PH,Athletics,ATH,02.07.77,Male
Willow,Vaggs,China,CN,Athletics,ATH,04.03.01,Male
Eugene,Marishenko,Peru,PE,Athletics,ATH,09.07.93,Female
Jermayne,Culwen,China,CN,Athletics,ATH,10.06.94,Female
Kira,Pleasaunce,Thailand,TH,Athletics,ATH,24.01.64,Female
Maximilian,O'Neill,Portugal,PT,Athletics,ATH,23.04.62,Male
Sigfried,Matthaus,Philippines,PH,Athletics,ATH,05.11.76,Female
Sallyanne,Casey,Indonesia,ID,Athletics,ATH,25.08.84,Male
Rolph,Royans,South Korea,KR,Athletics,ATH,04.04.81,Female
Ardath,Fellows,Indonesia,ID,Athletics,ATH,21.01.84,Male
Sunshine,Tomkins,Japan,JP,Athletics,ATH,08.08.79,Female
Nataline,Pauncefort,Indonesia,ID,Athletics,ATH,26.06.70,Male
Crysta,Frissell,Syria,SY,Athletics,ATH,11.03.85,Male
Chucho,Ors,South Africa,ZA,Athletics,ATH,22.12.92,Male
Meridel,Troman,Morocco,MA,Athletics,ATH,30.09.98,Female
Vannie,Botler,Sweden,SE,Judo,JUD,10.04.79,Male
Juliet,Eisak,Indonesia,ID,Judo,JUD,02.01.74,Male
Virgina,Wheaton,Portugal,PT,Judo,JUD,26.06.83,Female
Padraic,Wolfenden,China,CN,Judo,JUD,01.05.65,Male
Malia,Zupa,Finland,FI,Judo,JUD,04.08.89,Male
Dyane,Drinnan,Greece,GR,Shooting,SHO,30.10.68,Female
Janifer,Endicott,Kenya,KE,Shooting,SHO,13.03.72,Female
Elias,Cuttell,New Zealand,NZ,Shooting,SHO,07.10.62,Male
Marshall,Hully,Philippines,PH,Shooting,SHO,16.08.75,Male
Carrol,Adamik,United States,US,Shooting,SHO,25.04.85,Male
Sarajane,Spellacey,China,CN,Shooting,SHO,29.10.96,Male
Joelie,Ead,Japan,JP,Shooting,SHO,10.06.63,Female
Karleen,Vernham,Poland,PL,Shooting,SHO,30.05.90,Female
Mehetabel,Signorelli,Poland,PL,Shooting,SHO,27.06.91,Male
Clarke,Thraves,Vietnam,VN,Shooting,SHO,28.04.61,Male
Nettie,Cranham,Russia,RU,Shooting,SHO,15.07.78,Female
Gerta,Hendrich,China,CN,Shooting,SHO,11.02.82,Male
Zollie,Sloan,Indonesia,ID,Shooting,SHO,15.06.85,Female
Briggs,Brisse,Honduras,HN,Shooting,SHO,25.11.63,Female
Dewie,Deeming,Pakistan,PK,Shooting,SHO,26.07.95,Male
Gilburt,Ixer,Thailand,TH,Shooting,SHO,16.12.94,Male
Alecia,Cristofol,Indonesia,ID,Shooting,SHO,16.05.69,Female
Matty,Echlin,China,CN,Shooting,SHO,12.11.86,Female
Adara,Carme,Japan,JP,Shooting,SHO,09.06.91,Male
Verene,Smellie,Philippines,PH,Shooting,SHO,10.06.62,Male
Brynn,Lacey,China,CN,Shooting,SHO,27.08.01,Male
Reg,Latus,Indonesia,ID,Shooting,SHO,18.05.77,Female
Bliss,Stubbley,Mexico,MX,Shooting,SHO,26.01.83,Male
Lucita,Bronot,China,CN,Shooting,SHO,13.05.65,Male
Rivalee,Collumbine,Poland,PL,Shooting,SHO,26.06.81,Male
Waylan,Millom,Haiti,HT,Shooting,SHO,31.05.79,Male
Alexandro,Hacksby,South Africa,ZA,Shooting,SHO,14.11.73,Male
Gideon,O'Corrane,Indonesia,ID,Shooting,SHO,18.08.72,Female
Nanine,Phil,Ethiopia,ET,Judo,JUD,15.04.84,Male
Corbie,Jenman,Portugal,PT,Judo,JUD,19.10.61,Female
Abigale,Kennelly,Croatia,HR,Judo,JUD,07.01.78,Female
Brooks,Lewton,Cuba,CU,Judo,JUD,01.07.64,Female
Lancelot,Smithend,Portugal,PT,Judo,JUD,31.08.61,Female
Samara,Broune,Philippines,PH,Judo,JUD,09.05.71,Male
Valery,Doyley,Philippines,PH,Judo,JUD,05.05.01,Female
Yorgo,Cockling,Slovenia,SI,Judo,JUD,01.02.79,Male
Becki,Jeanet,Portugal,PT,Judo,JUD,12.02.91,Female
Dewie,Domm,Russia,RU,Judo,JUD,26.12.81,Female
Lorain,Wickmann,Vietnam,VN,Judo,JUD,17.08.92,Male
Minerva,Ayer,China,CN,Wheelchair Tennis,WTE,29.12.76,Male
Tracy,Handsheart,China,CN,Wheelchair Tennis,WTE,11.07.85,Female
Ardenia,Kinny,Czech Republic,CZ,Wheelchair Tennis,WTE,21.03.72,Female
Elroy,Evenden,Liberia,LR,Wheelchair Tennis,WTE,21.09.76,Male
Parrnell,Adlem,China,CN,Wheelchair Tennis,WTE,22.09.70,Male
Delmor,Gartenfeld,Philippines,PH,Wheelchair Tennis,WTE,03.04.80,Male
Celestia,Giovanitti,Laos,LA,Wheelchair Tennis,WTE,25.11.79,Female
Micheil,Geipel,Indonesia,ID,Wheelchair Tennis,WTE,28.07.85,Female
Diane,Ransfield,Israel,IL,Wheelchair Tennis,WTE,02.09.62,Female
Filia,Ledgeway,Peru,PE,Wheelchair Tennis,WTE,26.04.90,Female
Aeriell,Wyborn,Canada,CA,Wheelchair Tennis,WTE,26.10.86,Female
Drucie,Bownde,Russia,RU,Wheelchair Tennis,WTE,05.07.98,Male
Astra,Kless,United States,US,Wheelchair Tennis,WTE,07.08.66,Female
Tatum,Kennham,Azerbaijan,AZ,Wheelchair Tennis,WTE,01.01.95,Female
Leslie,Towlson,Czech Republic,CZ,Wheelchair Tennis,WTE,19.05.80,Female
Ivar,Kempston,Greece,GR,Wheelchair Tennis,WTE,07.05.66,Female
Coralyn,Janecek,China,CN,Wheelchair Tennis,WTE,20.11.63,Female
Moshe,Emberson,Russia,RU,Wheelchair Tennis,WTE,26.02.95,Male
Kirstin,Mashro,China,CN,Wheelchair Tennis,WTE,20.06.64,Male
Shandra,Lowen,Peru,PE,Wheelchair Tennis,WTE,16.06.92,Female
Sander,Baddam,Japan,JP,Wheelchair Tennis,WTE,26.09.64,Male
Laird,Zapatero,China,CN,Wheelchair Tennis,WTE,26.01.95,Male
Tami,Sindall,Russia,RU,Wheelchair Tennis,WTE,22.09.67,Female
Meggie,McGinty,Philippines,PH,Wheelchair Tennis,WTE,07.11.00,Male
Marcus,Beaument,New Caledonia,NC,Wheelchair Tennis,WTE,06.08.92,Female
Una,McAllan,China,CN,Wheelchair Tennis,WTE,01.01.75,Male
Curr,Shawell,Portugal,PT,Wheelchair Tennis,WTE,05.12.74,Male
Codi,Bellenie,Sweden,SE,Wheelchair Tennis,WTE,27.12.86,Female
Jenna,Wonfor,Syria,SY,Wheelchair Tennis,WTE,10.11.70,Male
Kaylee,Rooper,Kazakhstan,KZ,Wheelchair Tennis,WTE,05.01.69,Male
Cale,Steadman,Croatia,HR,Wheelchair Tennis,WTE,03.11.90,Female
Jandy,Enright,Russia,RU,Wheelchair Tennis,WTE,15.05.99,Male
Miof mela,Conradsen,Denmark,DK,Wheelchair Tennis,WTE,09.11.64,Female
Ulrikaumeko,Gregory,Indonesia,ID,Wheelchair Tennis,WTE,19.12.87,Female
Goldi,Sanchez,United States,US,Wheelchair Tennis,WTE,08.02.98,Male
Buddie,Casado,Czech Republic,CZ,Wheelchair Tennis,WTE,23.04.86,Male
Briano,Drewe,Indonesia,ID,Wheelchair Tennis,WTE,12.12.70,Female
Umberto,Hazlegrove,Japan,JP,Wheelchair Tennis,WTE,16.10.62,Female
Joey,Rowland,Belarus,BY,Wheelchair Tennis,WTE,10.09.80,Male
Vanny,Harvie,Philippines,PH,Wheelchair Tennis,WTE,19.11.76,Male
Erasmus,Skill,Indonesia,ID,Wheelchair Tennis,WTE,22.03.90,Male
Noble,Blackler,Netherlands,NL,Wheelchair Tennis,WTE,13.04.75,Female
Bill,Jenson,Kyrgyzstan,KG,Wheelchair Tennis,WTE,18.12.77,Female
Basil,Munroe,Czech Republic,CZ,Wheelchair Tennis,WTE,03.05.93,Male
Fifi,Tulloch,China,CN,Wheelchair Tennis,WTE,03.08.86,Female
Jourdan,Blannin,France,FR,Wheelchair Tennis,WTE,08.02.62,Male
Baxie,Urrey,China,CN,Wheelchair Tennis,WTE,24.02.78,Female
Gae,Ellery,Egypt,EG,Wheelchair Tennis,WTE,22.02.99,Male
Glory,Bickerstaff,Indonesia,ID,Wheelchair Tennis,WTE,15.02.67,Male
Orren,Ely,Canada,CA,Wheelchair Tennis,WTE,15.08.70,Male
Demott,Simpole,China,CN,Wheelchair Tennis,WTE,21.06.87,Female
Currey,Humphery,Indonesia,ID,Wheelchair Tennis,WTE,03.05.70,Male
Billie,Severns,Sweden,SE,Wheelchair Tennis,WTE,02.11.88,Female
Petronilla,O'Currigan,Saudi Arabia,SA,Wheelchair Tennis,WTE,08.05.66,Female
Gracie,Kennaway,Indonesia,ID,Archery,ARC,05.08.61,Male
Valentin,Iskow,China,CN,Archery,ARC,08.11.74,Male
Dillon,Awin,Philippines,PH,Archery,ARC,26.07.62,Male
Blondie,Fontin,Brazil,BR,Archery,ARC,23.04.61,Female
Sarene,Anselm,Indonesia,ID,Archery,ARC,30.07.81,Female
Abner,Lehrer,China,CN,Archery,ARC,01.02.96,Male
Sissy,Wimbush,Malaysia,MY,Archery,ARC,16.07.71,Male
Claude,Giacomini,Philippines,PH,Archery,ARC,03.03.88,Male
Hazlett,Drepp,China,CN,Archery,ARC,16.09.92,Male
Tanney,Ferrick,Indonesia,ID,Archery,ARC,06.06.91,Female
Gerda,Bediss,Guatemala,GT,Archery,ARC,08.11.87,Female
Laurice,Soro,Japan,JP,Archery,ARC,15.04.85,Female
Lynnell,Baszniak,Indonesia,ID,Archery,ARC,03.04.67,Male
Travers,Feltoe,Azerbaijan,AZ,Archery,ARC,31.08.63,Female
Evita,Sarfas,China,CN,Archery,ARC,06.07.97,Male
Flory,MacCallam,Indonesia,ID,Archery,ARC,17.09.90,Female
Solomon,Cattach,Portugal,PT,Archery,ARC,22.12.97,Male
Cleve,Escoffier,Mongolia,MN,Archery,ARC,07.02.77,Female
Cheston,Ygo,Ukraine,UA,Archery,ARC,10.01.90,Female
Eirena,Van Oort,China,CN,Archery,ARC,13.07.61,Male
Verge,Poynzer,Brazil,BR,Archery,ARC,07.08.69,Male
Jacquelynn,Kelloway,Yemen,YE,Archery,ARC,17.04.61,Female
Corri,Point,Albania,AL,Archery,ARC,24.10.95,Female
Dale,Stanyan,Sweden,SE,Archery,ARC,12.04.00,Male
Eberhard,Queyos,China,CN,Archery,ARC,01.06.87,Female
Marchall,Hymus,Cambodia,KH,Wheelchair Tennis,WTE,14.09.67,Female
Jo ann,Kirkbright,Peru,PE,Wheelchair Tennis,WTE,30.09.90,Male
Lauree,Gettone,Solomon Islands,SB,Wheelchair Tennis,WTE,04.10.99,Male
Kristoforo,Giacovelli,China,CN,Wheelchair Tennis,WTE,17.07.70,Male
Aarika,Lightfoot,Palestinian Territory,PS,Wheelchair Tennis,WTE,11.08.61,Female
Tessie,Mault,Vietnam,VN,Wheelchair Tennis,WTE,10.10.88,Male
Carlos,Ludwig,Russia,RU,Wheelchair Tennis,WTE,18.12.97,Female
Laureen,Orpin,Ghana,GH,Wheelchair Tennis,WTE,11.05.98,Female
Georgetta,Bispham,Brazil,BR,Wheelchair Tennis,WTE,25.06.65,Male
Briggs,Waud,France,FR,Wheelchair Tennis,WTE,21.05.72,Male
Teddi,Graundisson,China,CN,Sitting Volleybal,VBS,14.05.88,Male
Thedric,Peres,Bosnia and Herzegovina,BA,Sitting Volleybal,VBS,24.01.72,Female
Myrna,Speake,Russia,RU,Sitting Volleybal,VBS,12.01.67,Female
Ambur,Peyntue,China,CN,Sitting Volleybal,VBS,21.06.95,Male
Dena,Adnam,Japan,JP,Sitting Volleybal,VBS,07.08.74,Male
Willabella,Labern,China,CN,Sitting Volleybal,VBS,29.07.85,Male
Sly,Brosetti,United States,US,Sitting Volleybal,VBS,25.07.88,Male
Kimble,Valler,Russia,RU,Sitting Volleybal,VBS,20.02.88,Male
Nerti,Uppett,Indonesia,ID,Sitting Volleybal,VBS,21.02.63,Female
Aubrey,Websdale,Seychelles,SC,Sitting Volleybal,VBS,03.01.64,Female
Quint,Geany,China,CN,Sitting Volleybal,VBS,15.12.68,Male
Curtis,Couve,Philippines,PH,Sitting Volleybal,VBS,24.05.81,Female
Arabella,Ledger,Guatemala,GT,Sitting Volleybal,VBS,29.12.63,Male
Mehetabel,Disbrey,China,CN,Sitting Volleybal,VBS,03.02.81,Female
Joby,Inde,United States,US,Sitting Volleybal,VBS,19.11.60,Male
Katharyn,Doel,Vietnam,VN,Sitting Volleybal,VBS,04.05.95,Female
Cassie,Plastow,Denmark,DK,Sitting Volleybal,VBS,20.11.86,Female
Gary,Adshed,China,CN,Sitting Volleybal,VBS,06.06.77,Male
Kelsey,Drage,Ukraine,UA,Sitting Volleybal,VBS,20.07.93,Male
Cletis,Careless,China,CN,Sitting Volleybal,VBS,23.07.89,Female
Webster,Gravener,Portugal,PT,Sitting Volleybal,VBS,09.02.87,Male
Bank,Aland,Argentina,AR,Sitting Volleybal,VBS,21.01.80,Female
Jervis,Aucourte,Philippines,PH,Sitting Volleybal,VBS,14.01.93,Female
Adena,Kemme,Ireland,IE,Sitting Volleybal,VBS,25.09.63,Male
Lilly,Jurisch,Madagascar,MG,Sitting Volleybal,VBS,07.05.64,Female
Thurstan,Courtois,Russia,RU,Sitting Volleybal,VBS,20.08.66,Female
Burk,Willoughby,China,CN,Sitting Volleybal,VBS,18.05.67,Female
Lyndell,Peddersen,Pakistan,PK,Sitting Volleybal,VBS,07.04.84,Female
Weidar,Skelhorn,China,CN,Sitting Volleybal,VBS,24.06.80,Female
Delano,Bleddon,Czech Republic,CZ,Sitting Volleybal,VBS,15.01.01,Female
Jeanette,Lackey,Canada,CA,Sitting Volleybal,VBS,26.07.95,Female
Amalle,Shepherdson,Tanzania,TZ,Sitting Volleybal,VBS,03.04.61,Male
Odetta,Spence,Canada,CA,Sitting Volleybal,VBS,29.11.77,Female
Darell,Bickerdicke,Brazil,BR,Sitting Volleybal,VBS,17.04.71,Female
Sascha,Polack,Canada,CA,Sitting Volleybal,VBS,14.01.67,Male
Wes,Horlock,China,CN,Sitting Volleybal,VBS,07.05.79,Male
Leland,Borrill,Ecuador,EC,Sitting Volleybal,VBS,20.04.66,Female
Ginnifer,Tillman,Poland,PL,Sitting Volleybal,VBS,22.07.66,Female
Westley,Weaben,Peru,PE,Sitting Volleybal,VBS,01.08.76,Male
Steve,Furze,Sweden,SE,Canoe Sprint,CSP,10.12.72,Male
Rachelle,Grodden,Brazil,BR,Canoe Sprint,CSP,20.12.83,Male
Tyler,France,Iran,IR,Canoe Sprint,CSP,17.05.70,Female
Ofelia,Hammerstone,Mexico,MX,Canoe Sprint,CSP,20.12.98,Female
Sean,McKeand,Thailand,TH,Canoe Sprint,CSP,14.02.97,Male
Tomasine,Atley,Malawi,MW,Canoe Sprint,CSP,04.09.76,Female
Fredrick,Pearch,France,FR,Canoe Sprint,CSP,21.02.75,Female
Leopold,Manketell,China,CN,Canoe Sprint,CSP,10.12.71,Female
Jasper,Benoey,Indonesia,ID,Canoe Sprint,CSP,10.08.63,Female
Marita,Courcey,Tunisia,TN,Canoe Sprint,CSP,08.04.78,Male
Witty,Ivan,Indonesia,ID,Canoe Sprint,CSP,21.06.66,Male
Ada,Powe,South Africa,ZA,Canoe Sprint,CSP,11.10.77,Male
Carlita,Metrick,Indonesia,ID,Canoe Sprint,CSP,25.06.87,Female
Lemuel,Pinch,China,CN,Canoe Sprint,CSP,05.08.75,Male
Kippar,Thebes,South Korea,KR,Canoe Sprint,CSP,13.04.61,Female
Jennilee,Farris,Russia,RU,Canoe Sprint,CSP,28.04.96,Female
Belvia,Bazire,Brazil,BR,Canoe Sprint,CSP,29.09.62,Male
Christina,Tommasi,Greece,GR,Canoe Sprint,CSP,09.05.83,Male
Rafaellle,Hazeldene,Portugal,PT,Canoe Sprint,CSP,24.10.70,Female
Omar,Haker,Portugal,PT,Canoe Sprint,CSP,01.07.71,Male
Trixie,Hedderly,China,CN,Canoe Sprint,CSP,05.06.69,Female
Kaycee,Winley,Sweden,SE,Sitting Volleybal,VBS,20.04.74,Male
Rabbi,Strood,China,CN,Sitting Volleybal,VBS,13.07.65,Male
Inglis,Klimkowski,Guinea-Bissau,GW,Sitting Volleybal,VBS,21.08.72,Female
Conroy,O'Shields,Sweden,SE,Sitting Volleybal,VBS,27.10.70,Female
Marsha,Armatys,Guatemala,GT,Sitting Volleybal,VBS,12.07.96,Female
Denise,Hedges,South Africa,ZA,Powerlifting,PWL,02.04.75,Male
Cyrill,Duffer,Canada,CA,Powerlifting,PWL,15.06.78,Male
Cinda,Timbrell,Malaysia,MY,Powerlifting,PWL,27.03.66,Male
Willy,Ferrieres,Indonesia,ID,Powerlifting,PWL,28.05.00,Female
Reube,Mainz,Poland,PL,Powerlifting,PWL,22.02.94,Female
Corissa,Vickar,Belarus,BY,Powerlifting,PWL,21.10.98,Female
Anna-diana,Dalyell,Argentina,AR,Powerlifting,PWL,24.11.68,Male
Merrie,Frostdicke,China,CN,Powerlifting,PWL,19.06.63,Female
Doloritas,Groll,Brazil,BR,Powerlifting,PWL,24.06.61,Male
Karlotte,Danis,Estonia,EE,Powerlifting,PWL,27.04.77,Male
Devland,Harmant,Sweden,SE,Powerlifting,PWL,02.09.86,Male
Jolynn,Calam,China,CN,Powerlifting,PWL,13.10.64,Male
Fanny,Maffey,Mauritius,MU,Powerlifting,PWL,28.03.98,Male
Travus,Sowerbutts,China,CN,Powerlifting,PWL,06.03.75,Female
Rikki,Habert,Argentina,AR,Powerlifting,PWL,29.12.73,Female
Pris,Govier,Greece,GR,Powerlifting,PWL,11.08.83,Female
Langsdon,Sooper,Papua New Guinea,PG,Powerlifting,PWL,25.03.94,Female
Caddric,Sandercroft,Dominican Republic,DO,Powerlifting,PWL,22.05.70,Male
Hal,Erlam,China,CN,Powerlifting,PWL,23.09.84,Male
Laird,Lindenbaum,Honduras,HN,Powerlifting,PWL,28.10.61,Male
Abran,Marchington,Poland,PL,Powerlifting,PWL,05.06.63,Female
Laurella,Hatt,Norway,NO,Powerlifting,PWL,19.07.80,Male
Gibb,Powlesland,Philippines,PH,Powerlifting,PWL,18.12.74,Male
Evvy,Castagneri,Philippines,PH,Powerlifting,PWL,29.04.97,Female
Roberto,Tregensoe,Hong Kong,HK,Powerlifting,PWL,05.03.82,Female
Deloris,Shewan,Poland,PL,Powerlifting,PWL,12.02.90,Female
Kiley,Speare,Luxembourg,LU,Powerlifting,PWL,25.12.60,Female
Guinna,Dalling,Indonesia,ID,Powerlifting,PWL,20.08.83,Female
Layton,Tootell,China,CN,Powerlifting,PWL,01.11.63,Male
Sully,McCawley,China,CN,Powerlifting,PWL,01.01.93,Female
Marilin,Barringer,China,CN,Powerlifting,PWL,24.05.01,Male
Shayne,Faraker,Japan,JP,Powerlifting,PWL,30.12.88,Female
Bertrando,Wiltshier,Russia,RU,Powerlifting,PWL,13.01.63,Male
Ariel,Kemmet,Indonesia,ID,Powerlifting,PWL,18.10.95,Male
Christiane,Panks,China,CN,Powerlifting,PWL,15.01.73,Female
Orv,Brolan,El Salvador,SV,Powerlifting,PWL,19.03.87,Female
Penrod,Moreby,Kazakhstan,KZ,Powerlifting,PWL,30.09.94,Male
Nevsa,Camois,Mexico,MX,Sitting Volleybal,VBS,02.04.86,Male
Dinny,Yandell,Chile,CL,Sitting Volleybal,VBS,27.01.89,Male
Madelina,Mazin,China,CN,Sitting Volleybal,VBS,28.02.84,Male
Conrado,Giovannacc@i,United Kingdom,GB,Sitting Volleybal,VBS,05.04.82,Male
Larine,Emsley,Philippines,PH,Sitting Volleybal,VBS,29.01.61,Female
Dotty,Whiteson,Sweden,SE,Sitting Volleybal,VBS,20.03.64,Male
Rafael,Ivashnikov,Nepal,NP,Sitting Volleybal,VBS,01.09.76,Male
Tadio,Mutimer,Russia,RU,Sitting Volleybal,VBS,16.08.61,Male
Eliot,Thirtle,Russia,RU,Sitting Volleybal,VBS,11.08.73,Female
Shoshana,Tuiller,Brazil,BR,Sitting Volleybal,VBS,28.11.68,Male
Michaela,Ryce,Nigeria,NG,Sitting Volleybal,VBS,13.12.63,Male
Dredi,Gaven,South Korea,KR,Sitting Volleybal,VBS,11.07.96,Female
Bevvy,Khoter,Poland,PL,Sitting Volleybal,VBS,27.12.84,Male
Gregorius,Ruoss,Morocco,MA,Sitting Volleybal,VBS,11.08.74,Male
Hildagard,Karlmann,Indonesia,ID,Sitting Volleybal,VBS,21.12.94,Female
Raven,Bastock,Philippines,PH,Judo,JUD,10.03.63,Male
Martita,Restieaux,Malaysia,MY,Judo,JUD,26.10.73,Male
Martita,Borman,Russia,RU,Judo,JUD,22.02.77,Female
Oznur,Cure,Turkey,TUR,Athletics,ATH,01.10.97,Female
Kadeena,Cox,Great Britain,GBR,Archery,ARC,10.03.91,Female